"instituto";"anios_experiencia";"area";"estudiantes_aula";"minutos_traslado";"uso_celular";"_id";"_uuid";"_submission_time";"_validation_status";"_notes";"_status";"_submitted_by";"__version__";"_tags";"_index"
"Instituto G";13;"computacion";25;30;"si";100001;"00000000-0000-4000-8000-000000000001";"2026-08-21T09:15:49";"";"";"submitted_via_web";"";"vTallerTrujillo1";"";1
"Instituto A";10;"salud";16;50;"si";100002;"00000000-0000-4000-8000-000000000002";"2026-08-21T09:17:08";"";"";"submitted_via_web";"";"vTallerTrujillo1";"";2
"Instituto C";2;"salud";23;38;"si";100003;"00000000-0000-4000-8000-000000000003";"2026-08-21T09:20:01";"";"";"submitted_via_web";"";"vTallerTrujillo1";"";3
"Instituto A";10;"administracion";21;5;"no";100004;"00000000-0000-4000-8000-000000000004";"2026-08-21T09:22:24";"";"";"submitted_via_web";"";"vTallerTrujillo1";"";4
"Instituto B";1;"salud";25;24;"si";100005;"00000000-0000-4000-8000-000000000005";"2026-08-21T09:25:17";"";"";"submitted_via_web";"";"vTallerTrujillo1";"";5
"Instituto G";5;"mecanica";22;45;"no";100006;"00000000-0000-4000-8000-000000000006";"2026-08-21T09:25:43";"";"";"submitted_via_web";"";"vTallerTrujillo1";"";6
"Instituto H";2;"mecanica";20;12;"si";100007;"00000000-0000-4000-8000-000000000007";"2026-08-21T09:28:39";"";"";"submitted_via_web";"";"vTallerTrujillo1";"";7
"Instituto E";20;"textil";24;20;"no";100008;"00000000-0000-4000-8000-000000000008";"2026-08-21T09:30:40";"";"";"submitted_via_web";"";"vTallerTrujillo1";"";8
"Instituto C";8;"agropecuaria";26;30;"si";100009;"00000000-0000-4000-8000-000000000009";"2026-08-21T09:31:56";"";"";"submitted_via_web";"";"vTallerTrujillo1";"";9
"Instituto C";22;"mecanica";24;22;"no";100010;"00000000-0000-4000-8000-000000000010";"2026-08-21T09:32:53";"";"";"submitted_via_web";"";"vTallerTrujillo1";"";10
"Instituto D";8;"computacion";31;17;"no";100011;"00000000-0000-4000-8000-000000000011";"2026-08-21T09:33:56";"";"";"submitted_via_web";"";"vTallerTrujillo1";"";11
"Instituto B";18;"salud";19;25;"si";100012;"00000000-0000-4000-8000-000000000012";"2026-08-21T09:34:38";"";"";"submitted_via_web";"";"vTallerTrujillo1";"";12
"Instituto F";19;"textil";19;31;"si";100013;"00000000-0000-4000-8000-000000000013";"2026-08-21T09:35:37";"";"";"submitted_via_web";"";"vTallerTrujillo1";"";13
"Instituto F";8;"administracion";21;31;"si";100014;"00000000-0000-4000-8000-000000000014";"2026-08-21T09:36:38";"";"";"submitted_via_web";"";"vTallerTrujillo1";"";14
"Instituto H";1;"mecanica";32;10;"si";100015;"00000000-0000-4000-8000-000000000015";"2026-08-21T09:39:34";"";"";"submitted_via_web";"";"vTallerTrujillo1";"";15
"Instituto F";8;"administracion";26;26;"si";100016;"00000000-0000-4000-8000-000000000016";"2026-08-21T09:39:58";"";"";"submitted_via_web";"";"vTallerTrujillo1";"";16
"Instituto C";4;"mecanica";33;24;"si";100017;"00000000-0000-4000-8000-000000000017";"2026-08-21T09:40:54";"";"";"submitted_via_web";"";"vTallerTrujillo1";"";17
"Instituto F";9;"administracion";22;24;"si";100018;"00000000-0000-4000-8000-000000000018";"2026-08-21T09:41:54";"";"";"submitted_via_web";"";"vTallerTrujillo1";"";18
"Instituto B";11;"administracion";32;20;"no";100019;"00000000-0000-4000-8000-000000000019";"2026-08-21T09:43:04";"";"";"submitted_via_web";"";"vTallerTrujillo1";"";19
"Instituto C";21;"computacion";26;15;"no";100020;"00000000-0000-4000-8000-000000000020";"2026-08-21T09:44:48";"";"";"submitted_via_web";"";"vTallerTrujillo1";"";20
"Instituto D";10;"administracion";34;26;"no";100021;"00000000-0000-4000-8000-000000000021";"2026-08-21T09:47:30";"";"";"submitted_via_web";"";"vTallerTrujillo1";"";21
"Instituto E";2;"mecanica";17;32;"no";100022;"00000000-0000-4000-8000-000000000022";"2026-08-21T09:50:19";"";"";"submitted_via_web";"";"vTallerTrujillo1";"";22
"Instituto F";12;"administracion";24;27;"si";100023;"00000000-0000-4000-8000-000000000023";"2026-08-21T09:51:39";"";"";"submitted_via_web";"";"vTallerTrujillo1";"";23
"Instituto B";14;"computacion";14;23;"no";100024;"00000000-0000-4000-8000-000000000024";"2026-08-21T09:53:56";"";"";"submitted_via_web";"";"vTallerTrujillo1";"";24
"Instituto F";7;"mecanica";17;37;"si";100025;"00000000-0000-4000-8000-000000000025";"2026-08-21T09:55:24";"";"";"submitted_via_web";"";"vTallerTrujillo1";"";25
"Instituto A";11;"computacion";29;29;"no";100026;"00000000-0000-4000-8000-000000000026";"2026-08-21T09:55:56";"";"";"submitted_via_web";"";"vTallerTrujillo1";"";26
"Instituto B";15;"computacion";20;30;"no";100027;"00000000-0000-4000-8000-000000000027";"2026-08-21T09:58:25";"";"";"submitted_via_web";"";"vTallerTrujillo1";"";27
"Instituto H";8;"mecanica";18;16;"si";100028;"00000000-0000-4000-8000-000000000028";"2026-08-21T09:59:55";"";"";"submitted_via_web";"";"vTallerTrujillo1";"";28
"Instituto G";5;"mecanica";30;26;"si";100029;"00000000-0000-4000-8000-000000000029";"2026-08-21T10:01:16";"";"";"submitted_via_web";"";"vTallerTrujillo1";"";29
"Instituto G";16;"salud";20;28;"no";100030;"00000000-0000-4000-8000-000000000030";"2026-08-21T10:02:21";"";"";"submitted_via_web";"";"vTallerTrujillo1";"";30
"Instituto B";5;"salud";14;43;"no";100031;"00000000-0000-4000-8000-000000000031";"2026-08-21T10:03:36";"";"";"submitted_via_web";"";"vTallerTrujillo1";"";31
"Instituto H";39;"agropecuaria";28;50;"si";100032;"00000000-0000-4000-8000-000000000032";"2026-08-21T10:06:25";"";"";"submitted_via_web";"";"vTallerTrujillo1";"";32
"Instituto E";23;"computacion";18;36;"si";100033;"00000000-0000-4000-8000-000000000033";"2026-08-21T10:08:09";"";"";"submitted_via_web";"";"vTallerTrujillo1";"";33
"Instituto G";6;"computacion";22;26;"si";100034;"00000000-0000-4000-8000-000000000034";"2026-08-21T10:09:50";"";"";"submitted_via_web";"";"vTallerTrujillo1";"";34
"Instituto D";4;"agropecuaria";28;75;"no";100035;"00000000-0000-4000-8000-000000000035";"2026-08-21T10:12:30";"";"";"submitted_via_web";"";"vTallerTrujillo1";"";35
"Instituto H";2;"administracion";27;34;"si";100036;"00000000-0000-4000-8000-000000000036";"2026-08-21T10:12:56";"";"";"submitted_via_web";"";"vTallerTrujillo1";"";36
"Instituto B";13;"agropecuaria";20;39;"no";100037;"00000000-0000-4000-8000-000000000037";"2026-08-21T10:15:29";"";"";"submitted_via_web";"";"vTallerTrujillo1";"";37
"Instituto C";15;"administracion";16;33;"no";100038;"00000000-0000-4000-8000-000000000038";"2026-08-21T10:16:58";"";"";"submitted_via_web";"";"vTallerTrujillo1";"";38
"Instituto F";12;"agropecuaria";24;56;"no";100039;"00000000-0000-4000-8000-000000000039";"2026-08-21T10:18:21";"";"";"submitted_via_web";"";"vTallerTrujillo1";"";39
"Instituto F";4;"mecanica";28;27;"no";100040;"00000000-0000-4000-8000-000000000040";"2026-08-21T10:19:29";"";"";"submitted_via_web";"";"vTallerTrujillo1";"";40
"Instituto A";13;"administracion";28;26;"si";100041;"00000000-0000-4000-8000-000000000041";"2026-08-21T10:20:39";"";"";"submitted_via_web";"";"vTallerTrujillo1";"";41
"Instituto A";4;"textil";30;23;"si";100042;"00000000-0000-4000-8000-000000000042";"2026-08-21T10:21:38";"";"";"submitted_via_web";"";"vTallerTrujillo1";"";42
"Instituto A";5;"agropecuaria";19;66;"no";100043;"00000000-0000-4000-8000-000000000043";"2026-08-21T10:23:17";"";"";"submitted_via_web";"";"vTallerTrujillo1";"";43
"Instituto A";10;"administracion";27;22;"no";100044;"00000000-0000-4000-8000-000000000044";"2026-08-21T10:24:26";"";"";"submitted_via_web";"";"vTallerTrujillo1";"";44
"Instituto B";6;"administracion";17;22;"si";100045;"00000000-0000-4000-8000-000000000045";"2026-08-21T10:26:13";"";"";"submitted_via_web";"";"vTallerTrujillo1";"";45
"Instituto E";8;"computacion";25;34;"no";100046;"00000000-0000-4000-8000-000000000046";"2026-08-21T10:27:52";"";"";"submitted_via_web";"";"vTallerTrujillo1";"";46
"Instituto D";5;"computacion";24;23;"no";100047;"00000000-0000-4000-8000-000000000047";"2026-08-21T10:29:14";"";"";"submitted_via_web";"";"vTallerTrujillo1";"";47
"Instituto H";6;"textil";23;57;"si";100048;"00000000-0000-4000-8000-000000000048";"2026-08-21T10:30:34";"";"";"submitted_via_web";"";"vTallerTrujillo1";"";48
"Instituto E";13;"computacion";15;17;"no";100049;"00000000-0000-4000-8000-000000000049";"2026-08-21T10:33:23";"";"";"submitted_via_web";"";"vTallerTrujillo1";"";49
"Instituto H";4;"agropecuaria";21;57;"si";100050;"00000000-0000-4000-8000-000000000050";"2026-08-21T10:34:38";"";"";"submitted_via_web";"";"vTallerTrujillo1";"";50
